<?xml version="1.0" encoding="UTF-8"?><module codename="org.netbeans.core.ide/1">
    <module_version install_time="1370464485639" last="true" origin="installer" specification_version="1.31.1">
        <file crc="577140527" name="config/Modules/org-netbeans-core-ide.xml"/>
        <file crc="155968709" name="modules/locale/org-netbeans-core-ide_ja.jar"/>
        <file crc="3026101530" name="modules/locale/org-netbeans-core-ide_pt_BR.jar"/>
        <file crc="562944931" name="modules/locale/org-netbeans-core-ide_ru.jar"/>
        <file crc="104190224" name="modules/locale/org-netbeans-core-ide_zh_CN.jar"/>
        <file crc="3609391568" name="modules/org-netbeans-core-ide.jar"/>
    </module_version>
</module>
