<?xml version="1.0" encoding="UTF-8"?><module codename="org.netbeans.modules.autoupdate.services">
    <module_version install_time="1370463498041" last="true" origin="installer" specification_version="1.39.2">
        <file crc="83784818" name="config/Modules/org-netbeans-modules-autoupdate-services.xml"/>
        <file crc="3829988627" name="modules/ext/locale/updater_ja.jar"/>
        <file crc="454855355" name="modules/ext/locale/updater_pt_BR.jar"/>
        <file crc="854085002" name="modules/ext/locale/updater_ru.jar"/>
        <file crc="963951025" name="modules/ext/locale/updater_zh_CN.jar"/>
        <file crc="127122874" name="modules/ext/updater.jar"/>
        <file crc="2140650957" name="modules/locale/org-netbeans-modules-autoupdate-services_ja.jar"/>
        <file crc="102060540" name="modules/locale/org-netbeans-modules-autoupdate-services_pt_BR.jar"/>
        <file crc="1205273849" name="modules/locale/org-netbeans-modules-autoupdate-services_ru.jar"/>
        <file crc="423436153" name="modules/locale/org-netbeans-modules-autoupdate-services_zh_CN.jar"/>
        <file crc="254810202" name="modules/org-netbeans-modules-autoupdate-services.jar"/>
    </module_version>
</module>
