<?xml version="1.0" encoding="UTF-8"?><module codename="org.netbeans.modules.spi.actions/1">
    <module_version install_time="1370463129492" last="true" origin="installer" specification_version="1.18.1">
        <file crc="1336977091" name="config/Modules/org-netbeans-modules-spi-actions.xml"/>
        <file crc="4156632172" name="modules/locale/org-netbeans-modules-spi-actions_ja.jar"/>
        <file crc="2029294644" name="modules/locale/org-netbeans-modules-spi-actions_pt_BR.jar"/>
        <file crc="3641034409" name="modules/locale/org-netbeans-modules-spi-actions_ru.jar"/>
        <file crc="847555629" name="modules/locale/org-netbeans-modules-spi-actions_zh_CN.jar"/>
        <file crc="397495470" name="modules/org-netbeans-modules-spi-actions.jar"/>
    </module_version>
</module>
