<?xml version="1.0" encoding="UTF-8"?><module codename="org.netbeans.core.io.ui/1">
    <module_version install_time="1370463533124" last="true" origin="installer" specification_version="1.20.1">
        <file crc="937424920" name="config/Modules/org-netbeans-core-io-ui.xml"/>
        <file crc="67826669" name="modules/locale/org-netbeans-core-io-ui_ja.jar"/>
        <file crc="3039199399" name="modules/locale/org-netbeans-core-io-ui_pt_BR.jar"/>
        <file crc="3269081924" name="modules/locale/org-netbeans-core-io-ui_ru.jar"/>
        <file crc="1016616841" name="modules/locale/org-netbeans-core-io-ui_zh_CN.jar"/>
        <file crc="873563590" name="modules/org-netbeans-core-io-ui.jar"/>
    </module_version>
</module>
