<?xml version="1.0" encoding="UTF-8"?><module codename="org.netbeans.core/2">
    <module_version install_time="1370463878252" last="true" origin="installer" specification_version="3.37.2">
        <file crc="1234898518" name="config/ModuleAutoDeps/org-netbeans-core.xml"/>
        <file crc="2943625018" name="config/Modules/org-netbeans-core.xml"/>
        <file crc="2601114686" name="modules/ext/nsProxyAutoConfig.js"/>
        <file crc="3222731784" name="modules/locale/org-netbeans-core_ja.jar"/>
        <file crc="2867805435" name="modules/locale/org-netbeans-core_pt_BR.jar"/>
        <file crc="2271132654" name="modules/locale/org-netbeans-core_ru.jar"/>
        <file crc="1644234939" name="modules/locale/org-netbeans-core_zh_CN.jar"/>
        <file crc="843200883" name="modules/org-netbeans-core.jar"/>
    </module_version>
</module>
