<?xml version="1.0" encoding="UTF-8"?><module codename="org.netbeans.core.ui/1">
    <module_version install_time="1370464076701" last="true" origin="installer" specification_version="1.35.1">
        <file crc="3186674130" name="config/Modules/org-netbeans-core-ui.xml"/>
        <file crc="1351895163" name="modules/locale/org-netbeans-core-ui_ja.jar"/>
        <file crc="2285650296" name="modules/locale/org-netbeans-core-ui_pt_BR.jar"/>
        <file crc="1301614748" name="modules/locale/org-netbeans-core-ui_ru.jar"/>
        <file crc="4213626859" name="modules/locale/org-netbeans-core-ui_zh_CN.jar"/>
        <file crc="834925297" name="modules/org-netbeans-core-ui.jar"/>
    </module_version>
</module>
