<?xml version="1.0" encoding="UTF-8"?><module codename="org.netbeans.modules.sampler">
    <module_version install_time="1370463662655" last="true" origin="installer" specification_version="1.4.1">
        <file crc="3630527653" name="config/Modules/org-netbeans-modules-sampler.xml"/>
        <file crc="4021685685" name="modules/locale/org-netbeans-modules-sampler_ja.jar"/>
        <file crc="2315533051" name="modules/locale/org-netbeans-modules-sampler_pt_BR.jar"/>
        <file crc="810966274" name="modules/locale/org-netbeans-modules-sampler_ru.jar"/>
        <file crc="3700467403" name="modules/locale/org-netbeans-modules-sampler_zh_CN.jar"/>
        <file crc="3146120242" name="modules/org-netbeans-modules-sampler.jar"/>
    </module_version>
</module>
