<?xml version="1.0" encoding="UTF-8"?><module codename="org.netbeans.modules.editor.mimelookup.impl/1">
    <module_version install_time="1370463617970" last="true" origin="installer" specification_version="1.21.1">
        <file crc="3019873507" name="config/Modules/org-netbeans-modules-editor-mimelookup-impl.xml"/>
        <file crc="4260582953" name="modules/locale/org-netbeans-modules-editor-mimelookup-impl_ja.jar"/>
        <file crc="635582608" name="modules/locale/org-netbeans-modules-editor-mimelookup-impl_pt_BR.jar"/>
        <file crc="1038081654" name="modules/locale/org-netbeans-modules-editor-mimelookup-impl_ru.jar"/>
        <file crc="2629250030" name="modules/locale/org-netbeans-modules-editor-mimelookup-impl_zh_CN.jar"/>
        <file crc="1058640836" name="modules/org-netbeans-modules-editor-mimelookup-impl.jar"/>
    </module_version>
</module>
