<?xml version="1.0" encoding="UTF-8"?><module codename="org.netbeans.modules.settings/1">
    <module_version install_time="1370463778654" last="true" origin="installer" specification_version="1.38.2">
        <file crc="554047262" name="config/Modules/org-netbeans-modules-settings.xml"/>
        <file crc="1389298841" name="modules/locale/org-netbeans-modules-settings_ja.jar"/>
        <file crc="2588250838" name="modules/locale/org-netbeans-modules-settings_pt_BR.jar"/>
        <file crc="506605717" name="modules/locale/org-netbeans-modules-settings_ru.jar"/>
        <file crc="632471743" name="modules/locale/org-netbeans-modules-settings_zh_CN.jar"/>
        <file crc="3707687674" name="modules/org-netbeans-modules-settings.jar"/>
    </module_version>
</module>
