<?xml version="1.0" encoding="UTF-8"?><module codename="org.openide.dialogs">
    <module_version install_time="1370463241414" last="true" origin="installer" specification_version="7.28.1">
        <file crc="807629635" name="config/Modules/org-openide-dialogs.xml"/>
        <file crc="2631493807" name="modules/locale/org-openide-dialogs_ja.jar"/>
        <file crc="1797242388" name="modules/locale/org-openide-dialogs_pt_BR.jar"/>
        <file crc="2659860602" name="modules/locale/org-openide-dialogs_ru.jar"/>
        <file crc="370371063" name="modules/locale/org-openide-dialogs_zh_CN.jar"/>
        <file crc="1454476606" name="modules/org-openide-dialogs.jar"/>
    </module_version>
</module>
