<?xml version="1.0" encoding="UTF-8"?><module codename="org.openide.text">
    <module_version install_time="1370463537148" last="true" origin="installer" specification_version="6.54.2">
        <file crc="2441864466" name="config/ModuleAutoDeps/org-openide-text.xml"/>
        <file crc="1795978028" name="config/Modules/org-openide-text.xml"/>
        <file crc="517780895" name="modules/locale/org-openide-text_ja.jar"/>
        <file crc="2416711371" name="modules/locale/org-openide-text_pt_BR.jar"/>
        <file crc="412850638" name="modules/locale/org-openide-text_ru.jar"/>
        <file crc="2412131583" name="modules/locale/org-openide-text_zh_CN.jar"/>
        <file crc="2128968279" name="modules/org-openide-text.jar"/>
    </module_version>
</module>
