<?xml version="1.0" encoding="UTF-8"?><module codename="org.netbeans.swing.tabcontrol">
    <module_version install_time="1370463580032" last="true" origin="installer" specification_version="1.42.1">
        <file crc="327432460" name="config/Modules/org-netbeans-swing-tabcontrol.xml"/>
        <file crc="2619877331" name="modules/locale/org-netbeans-swing-tabcontrol_ja.jar"/>
        <file crc="423130973" name="modules/locale/org-netbeans-swing-tabcontrol_pt_BR.jar"/>
        <file crc="1942904551" name="modules/locale/org-netbeans-swing-tabcontrol_ru.jar"/>
        <file crc="3298254653" name="modules/locale/org-netbeans-swing-tabcontrol_zh_CN.jar"/>
        <file crc="1392838237" name="modules/org-netbeans-swing-tabcontrol.jar"/>
    </module_version>
</module>
