<?xml version="1.0" encoding="UTF-8"?><module codename="org.netbeans.libs.felix">
    <module_version install_time="1370462444583" last="true" origin="installer" specification_version="2.6.1">
        <file crc="1327048437" name="config/Modules/org-netbeans-libs-felix.xml"/>
        <file crc="96787087" name="modules/ext/felix-4.0.2.jar"/>
        <file crc="1182080910" name="modules/locale/org-netbeans-libs-felix_ja.jar"/>
        <file crc="3371436144" name="modules/locale/org-netbeans-libs-felix_pt_BR.jar"/>
        <file crc="3391312092" name="modules/locale/org-netbeans-libs-felix_ru.jar"/>
        <file crc="32657202" name="modules/locale/org-netbeans-libs-felix_zh_CN.jar"/>
        <file crc="362001854" name="modules/org-netbeans-libs-felix.jar"/>
    </module_version>
</module>
