<?xml version="1.0" encoding="UTF-8"?><module codename="org.netbeans.core.netigso">
    <module_version install_time="1370463508991" last="true" origin="installer" specification_version="1.20.1">
        <file crc="3723901005" name="config/Modules/org-netbeans-core-netigso.xml"/>
        <file crc="1173427367" name="modules/locale/org-netbeans-core-netigso_ja.jar"/>
        <file crc="1485554444" name="modules/locale/org-netbeans-core-netigso_pt_BR.jar"/>
        <file crc="1214406228" name="modules/locale/org-netbeans-core-netigso_ru.jar"/>
        <file crc="4010150671" name="modules/locale/org-netbeans-core-netigso_zh_CN.jar"/>
        <file crc="2916512705" name="modules/org-netbeans-core-netigso.jar"/>
    </module_version>
</module>
