<?xml version="1.0" encoding="UTF-8"?><module codename="org.netbeans.modules.queries/1">
    <module_version install_time="1370463269441" last="true" origin="installer" specification_version="1.32.1">
        <file crc="28992633" name="config/ModuleAutoDeps/org-netbeans-modules-queries.xml"/>
        <file crc="4168841736" name="config/Modules/org-netbeans-modules-queries.xml"/>
        <file crc="4032392214" name="modules/locale/org-netbeans-modules-queries_ja.jar"/>
        <file crc="5462785" name="modules/locale/org-netbeans-modules-queries_pt_BR.jar"/>
        <file crc="555955671" name="modules/locale/org-netbeans-modules-queries_ru.jar"/>
        <file crc="392366530" name="modules/locale/org-netbeans-modules-queries_zh_CN.jar"/>
        <file crc="275177334" name="modules/org-netbeans-modules-queries.jar"/>
    </module_version>
</module>
