<?xml version="1.0" encoding="UTF-8"?><module codename="org.netbeans.modules.print">
    <module_version install_time="1370463720552" last="true" origin="installer" specification_version="7.16.1">
        <file crc="4146358971" name="config/Modules/org-netbeans-modules-print.xml"/>
        <file crc="389730571" name="modules/locale/org-netbeans-modules-print_ja.jar"/>
        <file crc="4259294379" name="modules/locale/org-netbeans-modules-print_pt_BR.jar"/>
        <file crc="588331427" name="modules/locale/org-netbeans-modules-print_ru.jar"/>
        <file crc="1468019371" name="modules/locale/org-netbeans-modules-print_zh_CN.jar"/>
        <file crc="2985562614" name="modules/org-netbeans-modules-print.jar"/>
    </module_version>
</module>
