<?xml version="1.0" encoding="UTF-8"?><module codename="org.netbeans.core.nativeaccess/1">
    <module_version install_time="1370464434394" last="true" origin="installer" specification_version="1.19.1">
        <file crc="1370516056" name="config/Modules/org-netbeans-core-nativeaccess.xml"/>
        <file crc="3857359608" name="modules/ext/platform-3.4.0.jar"/>
        <file crc="854291607" name="modules/locale/org-netbeans-core-nativeaccess_ja.jar"/>
        <file crc="1623237124" name="modules/locale/org-netbeans-core-nativeaccess_pt_BR.jar"/>
        <file crc="711414686" name="modules/locale/org-netbeans-core-nativeaccess_ru.jar"/>
        <file crc="1086516775" name="modules/locale/org-netbeans-core-nativeaccess_zh_CN.jar"/>
        <file crc="3433235644" name="modules/org-netbeans-core-nativeaccess.jar"/>
    </module_version>
</module>
